Path;SteerAngle;Throttle;Brake;Speed;X_Position;Y_Position;Pitch;Yaw;Roll
D:/AAAProjects/AAAAUdacity/RoverCiel/cl_data/recording0/IMG/robocam_2018_06_30_19_35_06_782.jpg;0;0;1;0;134.1912;114.0587;0.0002544569;133.9967;-1.221489E-06
D:/AAAProjects/AAAAUdacity/RoverCiel/cl_data/recording0/IMG/robocam_2018_06_30_19_35_06_829.jpg;0;0;0;0;134.1912;114.0587;0.0002496223;133.9967;-9.373323E-07
D:/AAAProjects/AAAAUdacity/RoverCiel/cl_data/recording0/IMG/robocam_2018_06_30_19_35_06_879.jpg;0;0;0;0;134.1912;114.0587;0.0002426868;133.9967;-7.252242E-07
D:/AAAProjects/AAAAUdacity/RoverCiel/cl_data/recording0/IMG/robocam_2018_06_30_19_35_06_929.jpg;0;0;0;0;134.1912;114.0587;0.000238446;133.9967;-6.809109E-07
D:/AAAProjects/AAAAUdacity/RoverCiel/cl_data/recording0/IMG/robocam_2018_06_30_19_35_06_978.jpg;0;0;0;0;134.1912;114.0587;0.000232323;133.9967;-4.517824E-07
D:/AAAProjects/AAAAUdacity/RoverCiel/cl_data/recording0/IMG/robocam_2018_06_30_19_35_07_029.jpg;0;0;0;0;134.1912;114.0587;0.000228241;133.9967;-2.990214E-07
D:/AAAProjects/AAAAUdacity/RoverCiel/cl_data/recording0/IMG/robocam_2018_06_30_19_35_07_078.jpg;0;0;0;0;134.1912;114.0587;0.0002229687;133.9967;-5.286254E-07
D:/AAAProjects/AAAAUdacity/RoverCiel/cl_data/recording0/IMG/robocam_2018_06_30_19_35_07_127.jpg;0;0;0;0;134.1912;114.0587;0.0002198173;133.9967;-6.36702E-07
D:/AAAProjects/AAAAUdacity/RoverCiel/cl_data/recording0/IMG/robocam_2018_06_30_19_35_07_179.jpg;0;0;0;0;134.1912;114.0587;0.0002155765;133.9967;-5.923888E-07
D:/AAAProjects/AAAAUdacity/RoverCiel/cl_data/recording0/IMG/robocam_2018_06_30_19_35_07_228.jpg;0;0;0;0;134.1912;114.0587;0.0002130197;133.9967;-6.529669E-07
D:/AAAProjects/AAAAUdacity/RoverCiel/cl_data/recording0/IMG/robocam_2018_06_30_19_35_07_279.jpg;0;0;0;0;134.1912;114.0587;0.0002096314;133.9967;-4.926824E-07
D:/AAAProjects/AAAAUdacity/RoverCiel/cl_data/recording0/IMG/robocam_2018_06_30_19_35_07_327.jpg;0;0;0;0;134.1912;114.0587;0.0002081062;133.9967;-2.793563E-07
D:/AAAProjects/AAAAUdacity/RoverCiel/cl_data/recording0/IMG/robocam_2018_06_30_19_35_07_377.jpg;0;0;0;0;134.1912;114.0587;0.0002063231;133.9967;-1.344964E-07
D:/AAAProjects/AAAAUdacity/RoverCiel/cl_data/recording0/IMG/robocam_2018_06_30_19_35_07_429.jpg;0;0;0;0;134.1912;114.0587;0.0002056884;133.9967;-2.809522E-07
D:/AAAProjects/AAAAUdacity/RoverCiel/cl_data/recording0/IMG/robocam_2018_06_30_19_35_07_478.jpg;0;0;0;0;134.1912;114.0587;0.0002053506;133.9967;-5.47333E-07
D:/AAAProjects/AAAAUdacity/RoverCiel/cl_data/recording0/IMG/robocam_2018_06_30_19_35_07_528.jpg;0;0;0;0;134.1912;114.0587;0.0002054096;133.9967;-6.862653E-07
D:/AAAProjects/AAAAUdacity/RoverCiel/cl_data/recording0/IMG/robocam_2018_06_30_19_35_07_578.jpg;0;0;0;0;134.1912;114.0587;0.0002057864;133.9967;-6.082824E-07
D:/AAAProjects/AAAAUdacity/RoverCiel/cl_data/recording0/IMG/robocam_2018_06_30_19_35_07_629.jpg;0;0;0;0;134.1912;114.0587;0.0002063811;133.9967;-5.60784E-07
D:/AAAProjects/AAAAUdacity/RoverCiel/cl_data/recording0/IMG/robocam_2018_06_30_19_35_07_678.jpg;0;0;0;0;134.1912;114.0587;0.0002078873;133.9967;-5.362335E-07
D:/AAAProjects/AAAAUdacity/RoverCiel/cl_data/recording0/IMG/robocam_2018_06_30_19_35_07_728.jpg;0;0;0;0;134.1912;114.0587;0.0002089188;133.9967;-2.623293E-07
D:/AAAProjects/AAAAUdacity/RoverCiel/cl_data/recording0/IMG/robocam_2018_06_30_19_35_07_778.jpg;0;0;0;0;134.1912;114.0587;0.0002107828;133.9967;7.807412E-08
D:/AAAProjects/AAAAUdacity/RoverCiel/cl_data/recording0/IMG/robocam_2018_06_30_19_35_07_828.jpg;0;0;0;0;134.1912;114.0587;0.0002119513;133.9967;-1.637563E-07
D:/AAAProjects/AAAAUdacity/RoverCiel/cl_data/recording0/IMG/robocam_2018_06_30_19_35_07_878.jpg;0;0;0;0;134.1912;114.0587;0.0002142691;133.9967;-4.095406E-07
D:/AAAProjects/AAAAUdacity/RoverCiel/cl_data/recording0/IMG/robocam_2018_06_30_19_35_07_929.jpg;0;0;0;0;134.1912;114.0587;0.0002161322;133.9967;-3.564924E-07
D:/AAAProjects/AAAAUdacity/RoverCiel/cl_data/recording0/IMG/robocam_2018_06_30_19_35_07_978.jpg;0;0;0;0;134.1912;114.0587;0.0002191237;133.9967;-6.442189E-07
D:/AAAProjects/AAAAUdacity/RoverCiel/cl_data/recording0/IMG/robocam_2018_06_30_19_35_08_029.jpg;0;0;0;0;134.1912;114.0587;0.0002212036;133.9967;-9.090039E-07
D:/AAAProjects/AAAAUdacity/RoverCiel/cl_data/recording0/IMG/robocam_2018_06_30_19_35_08_078.jpg;0;0;0;0;134.1912;114.0587;0.000224433;133.9967;-1.177736E-06
D:/AAAProjects/AAAAUdacity/RoverCiel/cl_data/recording0/IMG/robocam_2018_06_30_19_35_08_128.jpg;0;0;0;0;134.1912;114.0587;0.000226435;133.9967;-1.065712E-06
D:/AAAProjects/AAAAUdacity/RoverCiel/cl_data/recording0/IMG/robocam_2018_06_30_19_35_08_179.jpg;0;0;0;0;134.1912;114.0587;0.0002291696;133.9967;-1.134569E-06
D:/AAAProjects/AAAAUdacity/RoverCiel/cl_data/recording0/IMG/robocam_2018_06_30_19_35_08_229.jpg;0;0;0;0;134.1912;114.0587;0.0002309927;133.9967;-1.180472E-06
D:/AAAProjects/AAAAUdacity/RoverCiel/cl_data/recording0/IMG/robocam_2018_06_30_19_35_08_278.jpg;0;0;0;0;134.1912;114.0587;0.0002337873;133.9967;-1.100887E-06
D:/AAAProjects/AAAAUdacity/RoverCiel/cl_data/recording0/IMG/robocam_2018_06_30_19_35_08_327.jpg;0;0;0;0;134.1912;114.0587;0.0002356504;133.9967;-1.047839E-06
D:/AAAProjects/AAAAUdacity/RoverCiel/cl_data/recording0/IMG/robocam_2018_06_30_19_35_08_378.jpg;0;0;0;0;134.1912;114.0587;0.0002384449;133.9967;-9.682662E-07
D:/AAAProjects/AAAAUdacity/RoverCiel/cl_data/recording0/IMG/robocam_2018_06_30_19_35_08_428.jpg;0;0;0;0;134.1912;114.0587;0.000240308;133.9967;-9.15218E-07
D:/AAAProjects/AAAAUdacity/RoverCiel/cl_data/recording0/IMG/robocam_2018_06_30_19_35_08_478.jpg;0;0;0;0;134.1912;114.0587;0.0002425859;133.9967;-1.259953E-06
D:/AAAProjects/AAAAUdacity/RoverCiel/cl_data/recording0/IMG/robocam_2018_06_30_19_35_08_529.jpg;0;0;0;0;134.1912;114.0587;0.0002440122;133.9967;-1.433304E-06
D:/AAAProjects/AAAAUdacity/RoverCiel/cl_data/recording0/IMG/robocam_2018_06_30_19_35_08_578.jpg;0;0;0;0;134.1912;114.0587;0.0002457363;133.9967;-1.439232E-06
D:/AAAProjects/AAAAUdacity/RoverCiel/cl_data/recording0/IMG/robocam_2018_06_30_19_35_08_629.jpg;0;0;0;0;134.1912;114.0587;0.0002468857;133.9967;-1.443186E-06
D:/AAAProjects/AAAAUdacity/RoverCiel/cl_data/recording0/IMG/robocam_2018_06_30_19_35_08_678.jpg;0;0;0;0;134.1912;114.0587;0.000248273;133.9967;-1.428139E-06
D:/AAAProjects/AAAAUdacity/RoverCiel/cl_data/recording0/IMG/robocam_2018_06_30_19_35_08_728.jpg;0;0;0;0;134.1912;114.0587;0.0002487488;133.9967;-1.390137E-06
D:/AAAProjects/AAAAUdacity/RoverCiel/cl_data/recording0/IMG/robocam_2018_06_30_19_35_08_778.jpg;0;0;0;0;134.1912;114.0587;0.0002493435;133.9967;-1.342639E-06
D:/AAAProjects/AAAAUdacity/RoverCiel/cl_data/recording0/IMG/robocam_2018_06_30_19_35_08_828.jpg;0;0;0;0;134.1912;114.0587;0.0002495814;133.9967;-1.323638E-06
D:/AAAProjects/AAAAUdacity/RoverCiel/cl_data/recording0/IMG/robocam_2018_06_30_19_35_08_878.jpg;0;0;0;0;134.1912;114.0587;0.0002496413;133.9967;-1.175209E-06
D:/AAAProjects/AAAAUdacity/RoverCiel/cl_data/recording0/IMG/robocam_2018_06_30_19_35_08_928.jpg;0;0;0;0;134.1912;114.0587;0.0002495424;133.9967;-1.135234E-06
D:/AAAProjects/AAAAUdacity/RoverCiel/cl_data/recording0/IMG/robocam_2018_06_30_19_35_08_978.jpg;0;0;0;0;134.1912;114.0587;0.0002492455;133.9967;-1.015302E-06
D:/AAAProjects/AAAAUdacity/RoverCiel/cl_data/recording0/IMG/robocam_2018_06_30_19_35_09_029.jpg;0;0;0;0;134.1912;114.0587;0.0002491655;133.9967;-1.213204E-06
D:/AAAProjects/AAAAUdacity/RoverCiel/cl_data/recording0/IMG/robocam_2018_06_30_19_35_09_078.jpg;0;0;0;0;134.1912;114.0587;0.0002486698;133.9967;-1.300684E-06
D:/AAAProjects/AAAAUdacity/RoverCiel/cl_data/recording0/IMG/robocam_2018_06_30_19_35_09_128.jpg;0;0;0;0;134.1912;114.0587;0.000248372;133.9967;-1.468114E-06
D:/AAAProjects/AAAAUdacity/RoverCiel/cl_data/recording0/IMG/robocam_2018_06_30_19_35_09_178.jpg;0;0;0;0;134.1912;114.0587;0.0002478172;133.9967;-1.416661E-06
D:/AAAProjects/AAAAUdacity/RoverCiel/cl_data/recording0/IMG/robocam_2018_06_30_19_35_09_229.jpg;0;0;0;0;134.1912;114.0587;0.0002474214;133.9967;-1.256761E-06
D:/AAAProjects/AAAAUdacity/RoverCiel/cl_data/recording0/IMG/robocam_2018_06_30_19_35_09_278.jpg;0;0;0;0;134.1912;114.0587;0.0002467088;133.9967;-1.026402E-06
D:/AAAProjects/AAAAUdacity/RoverCiel/cl_data/recording0/IMG/robocam_2018_06_30_19_35_09_329.jpg;0;0;0;0;134.1912;114.0587;0.0002460751;133.9967;-8.854956E-07
D:/AAAProjects/AAAAUdacity/RoverCiel/cl_data/recording0/IMG/robocam_2018_06_30_19_35_09_379.jpg;0;0;0;0;134.1912;114.0587;0.0002451246;133.9967;-6.741432E-07
D:/AAAProjects/AAAAUdacity/RoverCiel/cl_data/recording0/IMG/robocam_2018_06_30_19_35_09_429.jpg;0;0;0;0;134.1912;114.0587;0.0002443519;133.9967;-5.922129E-07
D:/AAAProjects/AAAAUdacity/RoverCiel/cl_data/recording0/IMG/robocam_2018_06_30_19_35_09_478.jpg;0;0;0;0;134.1912;114.0587;0.0002430446;133.9967;-4.093647E-07
D:/AAAProjects/AAAAUdacity/RoverCiel/cl_data/recording0/IMG/robocam_2018_06_30_19_35_09_529.jpg;0;0;0;0;134.1912;114.0587;0.00024239;133.9967;-6.052926E-07
D:/AAAProjects/AAAAUdacity/RoverCiel/cl_data/recording0/IMG/robocam_2018_06_30_19_35_09_579.jpg;0;0;0;0;134.1912;114.0587;0.0002412595;133.9967;-8.392218E-07
D:/AAAProjects/AAAAUdacity/RoverCiel/cl_data/recording0/IMG/robocam_2018_06_30_19_35_09_629.jpg;0;0;0;0;134.1912;114.0587;0.0002406648;133.9967;-8.867202E-07
D:/AAAProjects/AAAAUdacity/RoverCiel/cl_data/recording0/IMG/robocam_2018_06_30_19_35_09_679.jpg;0;0;0;0;134.1912;114.0587;0.0002400112;133.9967;-7.952929E-07
D:/AAAProjects/AAAAUdacity/RoverCiel/cl_data/recording0/IMG/robocam_2018_06_30_19_35_09_729.jpg;0;0;0;0;134.1912;114.0587;0.0002393775;133.9967;-6.543869E-07
D:/AAAProjects/AAAAUdacity/RoverCiel/cl_data/recording0/IMG/robocam_2018_06_30_19_35_09_778.jpg;0;0.1503172;0;0;134.1911;114.0588;0.00502867;133.9984;1.500107E-05
D:/AAAProjects/AAAAUdacity/RoverCiel/cl_data/recording0/IMG/robocam_2018_06_30_19_35_09_828.jpg;0;0.3003264;0;0;134.1911;114.0588;0.004258827;134.0305;-3.0942E-06
D:/AAAProjects/AAAAUdacity/RoverCiel/cl_data/recording0/IMG/robocam_2018_06_30_19_35_09_878.jpg;0;0.4498503;0;0.03448379;134.1891;114.0608;0.06520517;134.0216;-3.801963E-06
D:/AAAProjects/AAAAUdacity/RoverCiel/cl_data/recording0/IMG/robocam_2018_06_30_19_35_09_928.jpg;0;0.5993048;0;0.03852589;134.1876;114.0624;0.1102513;133.8858;0.0002929083
D:/AAAProjects/AAAAUdacity/RoverCiel/cl_data/recording0/IMG/robocam_2018_06_30_19_35_09_978.jpg;0;0.7499713;0;0.08255386;134.1828;114.0673;0.2473879;133.9524;9.965232E-05
D:/AAAProjects/AAAAUdacity/RoverCiel/cl_data/recording0/IMG/robocam_2018_06_30_19_35_10_029.jpg;0;0.9002259;0;0.1036099;134.1784;114.0719;0.3717024;134.0482;-0.0004985743
D:/AAAProjects/AAAAUdacity/RoverCiel/cl_data/recording0/IMG/robocam_2018_06_30_19_35_10_078.jpg;0;1;0;0.1482307;134.1697;114.0809;0.5850642;133.9889;-0.0007603117
D:/AAAProjects/AAAAUdacity/RoverCiel/cl_data/recording0/IMG/robocam_2018_06_30_19_35_10_128.jpg;0;1;0;0.1793485;134.1625;114.0884;0.7458628;134.0305;7.46048E-05
D:/AAAProjects/AAAAUdacity/RoverCiel/cl_data/recording0/IMG/robocam_2018_06_30_19_35_10_179.jpg;0;1;0;0.224548;134.1504;114.101;0.9851668;133.9384;-0.0002086184
D:/AAAProjects/AAAAUdacity/RoverCiel/cl_data/recording0/IMG/robocam_2018_06_30_19_35_10_229.jpg;0;1;0;0.2736139;134.1407;114.1112;1.164123;133.9196;-0.00128877
D:/AAAProjects/AAAAUdacity/RoverCiel/cl_data/recording0/IMG/robocam_2018_06_30_19_35_10_278.jpg;0;1;0;0.3133531;134.1261;114.1265;1.326864;133.8772;-0.000720458
D:/AAAProjects/AAAAUdacity/RoverCiel/cl_data/recording0/IMG/robocam_2018_06_30_19_35_10_328.jpg;0;1;0;0.3270153;134.1175;114.1357;1.265783;133.8701;-0.003274727
D:/AAAProjects/AAAAUdacity/RoverCiel/cl_data/recording0/IMG/robocam_2018_06_30_19_35_10_378.jpg;0;1;0;0.4054228;134.1023;114.1515;1.146736;133.9496;-0.0005427885
D:/AAAProjects/AAAAUdacity/RoverCiel/cl_data/recording0/IMG/robocam_2018_06_30_19_35_10_428.jpg;0;1;0;0.4369806;134.0902;114.1642;1.115669;133.868;0.0004683302
D:/AAAProjects/AAAAUdacity/RoverCiel/cl_data/recording0/IMG/robocam_2018_06_30_19_35_10_478.jpg;0;1;0;0.4852202;134.0701;114.1853;1.108416;133.8012;-0.0007331286
D:/AAAProjects/AAAAUdacity/RoverCiel/cl_data/recording0/IMG/robocam_2018_06_30_19_35_10_528.jpg;0;1;0;0.5219493;134.0552;114.2009;1.134698;133.8204;-0.0008444677
D:/AAAProjects/AAAAUdacity/RoverCiel/cl_data/recording0/IMG/robocam_2018_06_30_19_35_10_578.jpg;0;1;0;0.5585039;134.0308;114.2265;1.205484;133.739;0.0004877994
D:/AAAProjects/AAAAUdacity/RoverCiel/cl_data/recording0/IMG/robocam_2018_06_30_19_35_10_629.jpg;0;1;0;0.6059487;134.0134;114.2447;1.241299;133.639;0.0006161156
D:/AAAProjects/AAAAUdacity/RoverCiel/cl_data/recording0/IMG/robocam_2018_06_30_19_35_10_679.jpg;0;1;0;0.6493245;133.9865;114.2729;1.226123;133.5377;-0.001290855
D:/AAAProjects/AAAAUdacity/RoverCiel/cl_data/recording0/IMG/robocam_2018_06_30_19_35_10_728.jpg;0;1;0;0.6731884;133.9681;114.2922;1.18452;133.5307;-0.0003700298
D:/AAAProjects/AAAAUdacity/RoverCiel/cl_data/recording0/IMG/robocam_2018_06_30_19_35_10_779.jpg;0;1;0;0.7367508;133.938;114.3241;1.177933;133.542;0.0003168437
D:/AAAProjects/AAAAUdacity/RoverCiel/cl_data/recording0/IMG/robocam_2018_06_30_19_35_10_828.jpg;0;1;0;0.7669234;133.9163;114.3471;1.204055;133.5147;-0.0003583972
D:/AAAProjects/AAAAUdacity/RoverCiel/cl_data/recording0/IMG/robocam_2018_06_30_19_35_10_878.jpg;0;1;0;0.8178564;133.8824;114.3831;1.229929;133.5507;-0.001803265
D:/AAAProjects/AAAAUdacity/RoverCiel/cl_data/recording0/IMG/robocam_2018_06_30_19_35_10_928.jpg;0;1;0;0.8607268;133.8584;114.4085;1.244441;133.5366;-0.0006421893
D:/AAAProjects/AAAAUdacity/RoverCiel/cl_data/recording0/IMG/robocam_2018_06_30_19_35_10_978.jpg;0;1;0;0.9003416;133.8213;114.448;1.240214;133.5577;-0.0008930162
D:/AAAProjects/AAAAUdacity/RoverCiel/cl_data/recording0/IMG/robocam_2018_06_30_19_35_11_029.jpg;0;1;0;0.9402511;133.7953;114.4755;1.23114;133.5577;-0.0006790668
D:/AAAProjects/AAAAUdacity/RoverCiel/cl_data/recording0/IMG/robocam_2018_06_30_19_35_11_079.jpg;0;1;0;0.9892571;133.755;114.5183;1.207364;133.594;-0.001615432
D:/AAAProjects/AAAAUdacity/RoverCiel/cl_data/recording0/IMG/robocam_2018_06_30_19_35_11_128.jpg;0;1;0;1.010212;133.7269;114.548;1.204648;133.5749;-0.000260165
D:/AAAProjects/AAAAUdacity/RoverCiel/cl_data/recording0/IMG/robocam_2018_06_30_19_35_11_179.jpg;0;1;0;1.06154;133.6828;114.5947;1.229499;133.6106;-0.001139757
D:/AAAProjects/AAAAUdacity/RoverCiel/cl_data/recording0/IMG/robocam_2018_06_30_19_35_11_229.jpg;0;1;0;1.093879;133.6524;114.6269;1.235891;133.6434;-0.001259155
D:/AAAProjects/AAAAUdacity/RoverCiel/cl_data/recording0/IMG/robocam_2018_06_30_19_35_11_278.jpg;0;1;0;1.142184;133.6055;114.6766;1.228555;133.6646;-0.0008718766
D:/AAAProjects/AAAAUdacity/RoverCiel/cl_data/recording0/IMG/robocam_2018_06_30_19_35_11_328.jpg;0;1;0;1.172168;133.5729;114.711;1.229394;133.6562;-0.0004743805
D:/AAAProjects/AAAAUdacity/RoverCiel/cl_data/recording0/IMG/robocam_2018_06_30_19_35_11_378.jpg;0;1;0;1.223054;133.5224;114.7643;1.229205;133.6448;-0.000838999
D:/AAAProjects/AAAAUdacity/RoverCiel/cl_data/recording0/IMG/robocam_2018_06_30_19_35_11_428.jpg;0;0.949724;0;1.255086;133.4877;114.801;1.22963;133.6156;-0.0006681784
D:/AAAProjects/AAAAUdacity/RoverCiel/cl_data/recording0/IMG/robocam_2018_06_30_19_35_11_478.jpg;0;0.8018148;0;1.296461;133.4342;114.8576;1.232355;133.5881;-0.0007852798
D:/AAAProjects/AAAAUdacity/RoverCiel/cl_data/recording0/IMG/robocam_2018_06_30_19_35_11_528.jpg;0;0.6504043;0;1.319978;133.3978;114.8961;1.230799;133.5736;-0.0007965678
D:/AAAProjects/AAAAUdacity/RoverCiel/cl_data/recording0/IMG/robocam_2018_06_30_19_35_11_578.jpg;0;0.5017524;0;1.348648;133.3422;114.955;1.233537;133.5738;-0.0004164445
D:/AAAProjects/AAAAUdacity/RoverCiel/cl_data/recording0/IMG/robocam_2018_06_30_19_35_11_628.jpg;0;0.3513873;0;1.361608;133.3048;114.9946;1.229826;133.5686;-0.0003860747
D:/AAAProjects/AAAAUdacity/RoverCiel/cl_data/recording0/IMG/robocam_2018_06_30_19_35_11_679.jpg;0;0.2006447;0;1.373122;133.2485;115.0543;1.206003;133.5604;-0.0003305904
D:/AAAProjects/AAAAUdacity/RoverCiel/cl_data/recording0/IMG/robocam_2018_06_30_19_35_11_728.jpg;0;0.05087419;0;1.375886;133.2111;115.0939;1.172507;133.5549;-0.0002743055
D:/AAAProjects/AAAAUdacity/RoverCiel/cl_data/recording0/IMG/robocam_2018_06_30_19_35_11_778.jpg;0;0;0;1.373246;133.1555;115.1528;1.091758;133.5469;-0.0001963235
D:/AAAProjects/AAAAUdacity/RoverCiel/cl_data/recording0/IMG/robocam_2018_06_30_19_35_11_828.jpg;0;0;0;1.370522;133.1188;115.1918;1.020802;133.5417;-0.0001054044
D:/AAAProjects/AAAAUdacity/RoverCiel/cl_data/recording0/IMG/robocam_2018_06_30_19_35_11_879.jpg;0;0;0;1.366394;133.064;115.2499;0.894958;133.5343;0.0006634897
D:/AAAProjects/AAAAUdacity/RoverCiel/cl_data/recording0/IMG/robocam_2018_06_30_19_35_11_928.jpg;0;0;0;1.363612;133.0277;115.2883;0.8013768;133.5307;0.003916323
D:/AAAProjects/AAAAUdacity/RoverCiel/cl_data/recording0/IMG/robocam_2018_06_30_19_35_11_978.jpg;0;0;0;1.359396;132.9734;115.3456;0.6516635;133.5281;0.0138574
D:/AAAProjects/AAAAUdacity/RoverCiel/cl_data/recording0/IMG/robocam_2018_06_30_19_35_12_029.jpg;0;0;0;1.356552;132.9373;115.3837;0.5478511;133.528;0.02325781
D:/AAAProjects/AAAAUdacity/RoverCiel/cl_data/recording0/IMG/robocam_2018_06_30_19_35_12_078.jpg;0;0;0;1.352229;132.8834;115.4405;0.3858773;133.528;0.03622542
D:/AAAProjects/AAAAUdacity/RoverCiel/cl_data/recording0/IMG/robocam_2018_06_30_19_35_12_128.jpg;0;0;0;1.349303;132.8476;115.4782;0.2761663;133.5281;0.04384179
D:/AAAProjects/AAAAUdacity/RoverCiel/cl_data/recording0/IMG/robocam_2018_06_30_19_35_12_178.jpg;0;0;0;1.344854;132.794;115.5346;0.1131026;133.5282;0.05363763
D:/AAAProjects/AAAAUdacity/RoverCiel/cl_data/recording0/IMG/robocam_2018_06_30_19_35_12_228.jpg;0;0;0;1.341853;132.7583;115.5722;0.007502287;133.5282;0.05907179
D:/AAAProjects/AAAAUdacity/RoverCiel/cl_data/recording0/IMG/robocam_2018_06_30_19_35_12_278.jpg;0;0;0;1.337302;132.7049;115.6285;359.8569;133.5283;0.06558832
D:/AAAProjects/AAAAUdacity/RoverCiel/cl_data/recording0/IMG/robocam_2018_06_30_19_35_12_328.jpg;0;0;0;1.33424;132.6693;115.666;359.7632;133.5284;0.06886197
D:/AAAProjects/AAAAUdacity/RoverCiel/cl_data/recording0/IMG/robocam_2018_06_30_19_35_12_378.jpg;0;0;0;1.32952;132.6159;115.7225;359.6454;133.5241;0.06103687
D:/AAAProjects/AAAAUdacity/RoverCiel/cl_data/recording0/IMG/robocam_2018_06_30_19_35_12_428.jpg;0;0;0;1.326134;132.5802;115.7602;359.5846;133.5205;0.04840441
D:/AAAProjects/AAAAUdacity/RoverCiel/cl_data/recording0/IMG/robocam_2018_06_30_19_35_12_478.jpg;0;0;0;1.321219;132.5266;115.8168;359.5117;133.5171;0.02692173
D:/AAAProjects/AAAAUdacity/RoverCiel/cl_data/recording0/IMG/robocam_2018_06_30_19_35_12_529.jpg;0;0;0;1.317977;132.4907;115.8545;359.4729;133.5166;0.01346252
D:/AAAProjects/AAAAUdacity/RoverCiel/cl_data/recording0/IMG/robocam_2018_06_30_19_35_12_578.jpg;0;0;0;1.313179;132.437;115.9112;359.4338;133.5135;359.9867
D:/AAAProjects/AAAAUdacity/RoverCiel/cl_data/recording0/IMG/robocam_2018_06_30_19_35_12_628.jpg;0;0;0;1.309946;132.401;115.949;359.4212;133.5155;359.9763
D:/AAAProjects/AAAAUdacity/RoverCiel/cl_data/recording0/IMG/robocam_2018_06_30_19_35_12_678.jpg;0;0;0;1.30497;132.3472;116.0057;359.4161;133.5168;359.9634
D:/AAAProjects/AAAAUdacity/RoverCiel/cl_data/recording0/IMG/robocam_2018_06_30_19_35_12_728.jpg;0;0;0;1.301899;132.3113;116.0434;359.4179;133.5168;359.9554
D:/AAAProjects/AAAAUdacity/RoverCiel/cl_data/recording0/IMG/robocam_2018_06_30_19_35_12_778.jpg;0;0;0;1.297169;132.2574;116.1;359.4351;133.5199;359.9534
D:/AAAProjects/AAAAUdacity/RoverCiel/cl_data/recording0/IMG/robocam_2018_06_30_19_35_12_828.jpg;0;0;0;1.293988;132.2215;116.1377;359.4517;133.5203;359.9522
D:/AAAProjects/AAAAUdacity/RoverCiel/cl_data/recording0/IMG/robocam_2018_06_30_19_35_12_878.jpg;0;0;0;1.289466;132.1679;116.1942;359.4803;133.5204;359.9513
D:/AAAProjects/AAAAUdacity/RoverCiel/cl_data/recording0/IMG/robocam_2018_06_30_19_35_12_929.jpg;0;0;0.1004066;1.283162;132.1327;116.2315;359.4922;133.4957;359.9473
D:/AAAProjects/AAAAUdacity/RoverCiel/cl_data/recording0/IMG/robocam_2018_06_30_19_35_12_979.jpg;0;0;0.2495478;1.250068;132.0813;116.2854;359.4622;133.494;359.9543
D:/AAAProjects/AAAAUdacity/RoverCiel/cl_data/recording0/IMG/robocam_2018_06_30_19_35_13_029.jpg;0;0;0.398769;1.208145;132.0495;116.319;359.3801;133.4952;359.9616
D:/AAAProjects/AAAAUdacity/RoverCiel/cl_data/recording0/IMG/robocam_2018_06_30_19_35_13_078.jpg;0;0;0.5514848;1.107196;132.0061;116.3641;359.1445;133.4921;0.005809376
D:/AAAProjects/AAAAUdacity/RoverCiel/cl_data/recording0/IMG/robocam_2018_06_30_19_35_13_128.jpg;0;0;0.7000487;1.025954;131.9817;116.3903;358.8935;133.4706;0.009684052
D:/AAAProjects/AAAAUdacity/RoverCiel/cl_data/recording0/IMG/robocam_2018_06_30_19_35_13_178.jpg;0;0;0.8498726;0.8526238;131.9533;116.4219;358.3812;133.1163;359.9824
D:/AAAProjects/AAAAUdacity/RoverCiel/cl_data/recording0/IMG/robocam_2018_06_30_19_35_13_228.jpg;0;0;0.9999444;0.7125834;131.9391;116.4378;358.044;132.972;0.001250226
D:/AAAProjects/AAAAUdacity/RoverCiel/cl_data/recording0/IMG/robocam_2018_06_30_19_35_13_278.jpg;0;0;1;0.5124061;131.9254;116.455;357.5731;132.8016;359.9906
D:/AAAProjects/AAAAUdacity/RoverCiel/cl_data/recording0/IMG/robocam_2018_06_30_19_35_13_329.jpg;0;0;1;0.3675364;131.9224;116.4607;357.2285;132.5245;359.971
D:/AAAProjects/AAAAUdacity/RoverCiel/cl_data/recording0/IMG/robocam_2018_06_30_19_35_13_378.jpg;0;0;1;0.1401416;131.9224;116.461;356.7482;132.5106;0.0701075
D:/AAAProjects/AAAAUdacity/RoverCiel/cl_data/recording0/IMG/robocam_2018_06_30_19_35_13_428.jpg;0;0;1;0.08135217;131.9223;116.4611;356.5976;132.5043;0.05795686
D:/AAAProjects/AAAAUdacity/RoverCiel/cl_data/recording0/IMG/robocam_2018_06_30_19_35_13_478.jpg;0;0;1;0.02239837;131.9222;116.4612;356.6342;132.5095;359.9825
D:/AAAProjects/AAAAUdacity/RoverCiel/cl_data/recording0/IMG/robocam_2018_06_30_19_35_13_528.jpg;0;0;1;-0.06224292;131.9221;116.4612;356.7965;132.5175;0.01547738
D:/AAAProjects/AAAAUdacity/RoverCiel/cl_data/recording0/IMG/robocam_2018_06_30_19_35_13_578.jpg;0;0;0;-0.1333651;131.9221;116.4613;357.3232;132.5201;359.9888
D:/AAAProjects/AAAAUdacity/RoverCiel/cl_data/recording0/IMG/robocam_2018_06_30_19_35_13_628.jpg;0;0;0;-0.2025649;131.922;116.4613;357.8221;132.5238;0.01162356
D:/AAAProjects/AAAAUdacity/RoverCiel/cl_data/recording0/IMG/robocam_2018_06_30_19_35_13_678.jpg;0;0;0;-0.2857057;131.9221;116.4612;358.7996;132.5288;0.002753811
D:/AAAProjects/AAAAUdacity/RoverCiel/cl_data/recording0/IMG/robocam_2018_06_30_19_35_13_728.jpg;0;0;0;-0.31111;131.9223;116.461;359.4877;132.529;0.0182227
D:/AAAProjects/AAAAUdacity/RoverCiel/cl_data/recording0/IMG/robocam_2018_06_30_19_35_13_778.jpg;0;0;0;-0.2904763;131.9225;116.4607;0.4634693;132.5286;0.03914607
D:/AAAProjects/AAAAUdacity/RoverCiel/cl_data/recording0/IMG/robocam_2018_06_30_19_35_13_828.jpg;0;0;0;-0.2582141;131.9227;116.4606;1.016544;132.5272;-0.003982253
D:/AAAProjects/AAAAUdacity/RoverCiel/cl_data/recording0/IMG/robocam_2018_06_30_19_35_13_878.jpg;0;0;0;-0.2014053;131.9221;116.4597;1.686802;132.5288;0.02541959
D:/AAAProjects/AAAAUdacity/RoverCiel/cl_data/recording0/IMG/robocam_2018_06_30_19_35_13_929.jpg;0;0;0;-0.1406074;131.9228;116.4602;1.965963;132.5271;359.9866
D:/AAAProjects/AAAAUdacity/RoverCiel/cl_data/recording0/IMG/robocam_2018_06_30_19_35_13_978.jpg;0;0;0;-0.06464007;131.9227;116.4599;2.124769;132.5283;359.9905
D:/AAAProjects/AAAAUdacity/RoverCiel/cl_data/recording0/IMG/robocam_2018_06_30_19_35_14_029.jpg;0;0;0;0;131.9229;116.4599;2.058177;132.526;359.9922
D:/AAAProjects/AAAAUdacity/RoverCiel/cl_data/recording0/IMG/robocam_2018_06_30_19_35_14_078.jpg;0;0;0;0.1020013;131.9232;116.4601;1.719644;132.5244;0.004757876
D:/AAAProjects/AAAAUdacity/RoverCiel/cl_data/recording0/IMG/robocam_2018_06_30_19_35_14_129.jpg;0;0;0;0.1620754;131.9232;116.46;1.293534;132.5236;0.0322722
D:/AAAProjects/AAAAUdacity/RoverCiel/cl_data/recording0/IMG/robocam_2018_06_30_19_35_14_178.jpg;0;0;0;0.1936457;131.9233;116.4603;0.6395556;132.5232;0.09236566
D:/AAAProjects/AAAAUdacity/RoverCiel/cl_data/recording0/IMG/robocam_2018_06_30_19_35_14_229.jpg;0;0;0;0.1875059;131.9232;116.4604;0.2243871;132.5237;0.1335243
